PostingID,drug_cui
1,C0005088
1,C0036079
10,C0005088
10,C0055881
101,C1703334
102,C1703334
103,C1703334
104,C1703334
105,C0530684
11,C0005088
11,C0055881
110,C0244821
111,C0244821
112,C0244821
113,C0244821
114,C0289313
115,C0289313
116,C0289313
117,C0289313
118,C0289313
119,C0289313
12,C0065767
121,C0027396
121,C0075632
122,C0027396
122,C0075632
123,C0027396
123,C0075632
124,C0288792
125,C0288792
1276,C0754659
1277,C1948374
1278,C0073992
1278,C0117996
1279,C0073992
1279,C0117996
1280,C0070122
1281,C0530684
1282,C0289313
13,C0054836
1306,C0117996
1372,C0663655
1373,C0663655
1374,C0663655
1375,C0663655
1376,C0209738
1376,C0663655
1377,C0209738
1377,C0663655
1378,C0209738
1378,C0663655
1379,C0043474
1379,C0209738
1379,C0663655
1380,C0043474
1380,C0209738
1380,C0663655
1381,C0043474
1381,C0209738
1381,C0663655
1382,C3253985
1383,C3253985
1384,C3253985
1385,C3253985
1386,C3253985
1387,C3253985
1388,C3253985
1389,C1176315
1390,C1176315
1391,C1176315
1392,C1176315
1393,C1176315
1394,C1176315
1395,C1176315
1396,C1176315
1397,C1176315
1398,C0209738
1399,C0209738
14,C0054836
1400,C1667052
1401,C1667052
1402,C1667052
1403,C1667052
1404,C1667052
1405,C1667052
1406,C1667052
141,C0062086
141,C0062527
141,C0305062
1416,C1723401
1417,C1723401
142,C0062086
142,C0062527
142,C0305062
1426,C0305062
1426,C0718003
1427,C0754659
1429,C0754659
1430,C0754659
1433,C0754659
1434,C0754659
1435,C0754659
1436,C0754659
1437,C0754659
1438,C0754659
1439,C0754659
1442,C0117996
1443,C0117996
1444,C0117996
1445,C0117996
1446,C0117996
1447,C0117996
1448,C0117996
14488,C1723401
1449,C0117996
14491,C0073992
14491,C0117996
14496,C0903411
1450,C0117996
1452,C0117996
14526,C0305062
14526,C0718003
1453,C0117996
14530,C4519188
14532,C1723401
14535,C0969324
14536,C0969324
14537,C1948374
14537,C2935023
14539,C2935023
14539,C3709474
1454,C0117996
14540,C2935023
14540,C3709474
14543,C1948374
14543,C2935023
14544,C3709474
14545,C0082607
14546,C0085208
14548,C1948374
14548,C2935023
14548,C3709474
1455,C0117996
14559,C0754659
1456,C0117996
14560,C0754659
14567,C0246421
14569,C0541315
1457,C0117996
14570,C0541315
1458,C0117996
14587,C1509436
1459,C0117996
1460,C0117996
1461,C0117996
1462,C0117996
1463,C0117996
1464,C0117996
1465,C0117996
1466,C0117996
1467,C0117996
1468,C0117996
1469,C0117996
1470,C0117996
1471,C0117996
1472,C0117996
1473,C0073992
1473,C0117996
1474,C0073992
1474,C0117996
1475,C0073992
1475,C0117996
1476,C0073992
1476,C0117996
1477,C0073992
1477,C0117996
1478,C0073992
1478,C0117996
1479,C0073992
1479,C0117996
1480,C0073992
1480,C0117996
1481,C0073992
1481,C0117996
1482,C0073992
1482,C0117996
1483,C0073992
1483,C0117996
1484,C0073992
1484,C0117996
1485,C0073992
1485,C0117996
1486,C0073992
1486,C0117996
1487,C0073992
1487,C0117996
1488,C0073992
1488,C0117996
1490,C0073992
1490,C0117996
1491,C0073992
1491,C0117996
1492,C0073992
1492,C0117996
1493,C0073992
1493,C0117996
1494,C0073992
1494,C0117996
1495,C0073992
1495,C0117996
1496,C0073992
1496,C0117996
1497,C0073992
1497,C0117996
1498,C0073992
1498,C0117996
1499,C0073992
1499,C0117996
1500,C0073992
1500,C0117996
1501,C0073992
1501,C0117996
1502,C0073992
1502,C0117996
151,C0305062
151,C0718003
152,C0305062
152,C0718003
1547,C0001927
1548,C0001927
1549,C0001927
1550,C0001927
1551,C3709474
1552,C3709474
1553,C2935023
1553,C3709474
1554,C2935023
1554,C3709474
1555,C2935023
1555,C3709474
1556,C2935023
1556,C3709474
1557,C2935023
1557,C3709474
16,C2347566
16027,C4519188
16029,C0028040
16047,C0033567
16058,C3253985
16059,C3253985
16071,C0216660
16072,C0289313
16073,C1948374
16073,C2935023
16073,C3709474
16074,C0064636
16075,C0064636
16119,C0903411
1612,C2607479
16128,C1506770
1613,C0117996
16139,C1120386
16153,C0257685
16158,C1831796
16159,C0541315
16160,C1831796
1617,C0070122
1623,C0070122
1632,C0070122
1633,C0070122
1634,C0070122
1637,C0070122
1638,C0070122
1639,C0070122
1641,C3709474
1642,C3709474
1643,C0216660
1644,C1176315
1657,C2607479
1658,C2607479
1659,C2607479
1660,C2607479
1661,C2607479
1662,C2607479
1663,C2607479
1664,C2607479
1665,C2607479
1666,C0002645
1666,C0055860
1667,C0002645
1667,C0055860
1668,C0002645
1668,C0055860
1669,C0002645
1669,C0055860
1670,C0002645
1670,C0055860
1671,C0002645
1671,C0055860
1672,C0002645
1672,C0055860
1673,C0002645
1673,C0055860
1674,C0002645
1674,C0055860
1675,C0002645
1675,C0055860
1676,C0002645
1676,C0055860
1677,C0002645
1677,C0055860
1678,C0002645
1678,C0055860
1679,C0002645
1679,C0055860
1680,C0002645
1680,C0055860
1681,C0054836
1682,C0054836
1683,C0054836
1684,C0054836
1685,C0054836
1686,C0054836
1687,C0054836
1688,C0054836
1689,C0054836
1689,C0065374
1692,C0754659
1693,C0754659
1707,C1948374
1708,C1948374
1709,C1948374
1710,C1948374
1711,C1948374
1712,C1948374
1713,C1948374
1713,C2935023
1715,C1948374
1716,C1948374
1717,C1948374
1718,C1948374
1719,C1948374
1720,C1948374
1721,C1948374
1722,C1948374
1723,C1948374
1724,C1948374
1725,C1948374
1726,C1948374
1727,C1948374
1728,C1948374
1729,C1948374
1730,C1948374
1731,C1948374
1732,C1948374
1733,C1948374
1734,C1948374
1735,C1948374
1736,C1948374
1737,C1948374
1737,C2935023
1738,C1948374
1738,C2935023
1739,C0117996
1739,C1948374
1740,C1099664
1741,C1099664
1742,C1099664
1743,C1099664
1744,C1099664
1799,C0064636
1800,C0064636
1801,C0064636
1802,C0064636
1803,C0064636
1804,C0064636
1805,C0064636
1806,C0064636
1807,C0064636
1808,C0064636
1809,C0064636
1810,C0064636
1811,C0064636
1812,C0064636
1813,C0064636
1814,C0064636
1815,C0064636
1816,C0064636
1817,C0064636
1818,C0064636
1819,C0064636
1820,C0064636
1821,C0064636
1822,C0064636
1823,C0064636
1824,C0064636
1825,C0064636
1826,C0064636
1827,C0064636
1828,C0064636
1829,C0064636
1830,C0064636
1831,C0064636
1832,C0064636
1881,C0244821
1882,C0244821
1883,C0244821
1884,C0244821
1885,C0244821
1886,C0244821
1887,C0244821
1888,C0244821
1889,C0244821
1890,C0244821
1891,C0244821
1892,C0244821
1893,C0244821
1894,C0244821
1895,C0244821
1896,C0244821
1897,C0244821
1898,C0244821
1899,C0244821
19,C0005088
19,C0055881
1900,C0244821
1901,C0244821
1902,C0244821
1903,C0244821
1904,C0244821
1905,C0244821
1906,C0244821
1907,C0244821
1908,C0244821
1910,C0244821
1911,C0244821
1912,C0244821
1913,C0244821
1914,C0289313
1915,C0289313
1916,C0289313
1917,C0289313
1918,C0289313
1919,C0289313
1920,C0075632
1921,C0075632
1922,C3709474
1923,C3709474
1924,C3709474
1925,C3709474
1926,C3709474
1927,C3709474
1928,C3709474
1929,C3709474
1930,C3709474
1931,C3709474
1932,C3709474
1933,C0249458
1934,C0249458
1935,C0249458
1936,C0249458
1938,C0249458
1939,C0249458
1940,C0249458
1941,C0249458
1942,C0249458
1943,C0249458
1944,C0249458
1945,C0249458
1946,C0249458
1947,C0249458
1948,C2935023
19523,C1831905
19531,C0083381
19532,C0117996
19536,C1948374
19536,C2935023
19536,C3709474
19537,C1948374
19537,C2935023
19538,C1723401
19539,C0064636
19540,C0903411
19557,C1948374
19557,C2935023
19583,C0073992
19583,C0117996
19588,C2607479
19592,C0903411
19595,C1948374
19595,C2935023
19611,C3253985
19612,C3253985
19613,C0209738
19614,C0541315
19615,C0541315
19625,C0085208
19638,C0065023
19652,C2986924
19653,C2986924
19654,C2698764
19655,C2698764
19656,C2698764
19657,C2698764
19658,C2698764
19659,C2698764
19670,C0305062
19671,C1099776
19672,C1099664
19673,C4519188
19683,C1948374
19683,C2935023
19683,C3709474
19684,C0969324
19685,C0069751
19686,C0541315
19687,C0541315
19688,C3179547
19695,C3253985
19696,C1566826
19696,C3253985
19758,C0008809
19762,C0073992
19762,C0117996
19763,C1948374
19763,C2935023
19764,C1948374
19764,C2935023
19766,C1723401
19767,C1723401
19790,C1506770
19797,C1667052
19798,C1667052
19799,C2607479
19800,C1723401
19813,C1699926
1982,C2347566
1983,C2347566
19831,C4519188
19834,C4519188
19835,C0903411
19846,C4519188
19847,C0541315
1986,C2347566
1987,C2347566
19878,C1948374
19878,C2935023
19879,C1723401
1988,C2347566
19881,C1948374
19881,C2935023
19888,C1721377
19889,C1667052
1989,C2347566
19895,C2607479
19896,C0969324
19897,C2697961
1990,C2347566
19907,C0939537
19908,C0246421
19909,C0257685
19925,C0969324
19938,C0903411
19939,C0969324
19940,C3253985
19941,C3253985
19970,C0527316
19971,C0527316
19972,C0527316
19973,C0527316
19974,C0527316
19975,C0527316
19976,C0527316
19977,C0527316
19978,C0527316
19979,C0527316
19980,C0527316
19986,C2718773
19987,C4082411
20,C0008992
2000,C3253985
20036,C1832027
20037,C0541315
20055,C1723401
20057,C0969324
20059,C0969324
20060,C0969324
20062,C4519188
20064,C0879399
20065,C0070122
20066,C0070122
20067,C0070122
20068,C0070122
20069,C0070122
20070,C0070122
20071,C0070122
20072,C0070122
20073,C0070122
20074,C0070122
20075,C0070122
20076,C0070122
20077,C0070122
20078,C0070122
20079,C0070122
20080,C0070122
20081,C0070122
20082,C0070122
20083,C0070122
20084,C0070122
20085,C0070122
20087,C0085208
20088,C0085208
20089,C0085208
20090,C0085208
20091,C0085208
20092,C0085208
20093,C0085208
20094,C0085208
20095,C0085208
20099,C0281666
20100,C0969324
20102,C0085208
20171,C0526371
20173,C0060400
20174,C4519188
20175,C0070122
20175,C0085208
20187,C3818721
20188,C0526371
20189,C2983812
20259,C2983812
20260,C0085149
20264,C3179547
20265,C3179547
20266,C3179547
20267,C3179547
20269,C0700596
20270,C1509436
20271,C2983812
20272,C2983812
20273,C3253985
20277,C2935023
20277,C3709474
20279,C0530684
20280,C0530684
20286,C0085149
20287,C3896946
20288,C1509436
20295,C2718773
20296,C3657824
20297,C0077071
20298,C0077071
20299,C0077071
20300,C0077071
20301,C0077071
20302,C0077071
20303,C0244821
20304,C1723401
20305,C0034283
20306,C0070122
20307,C1723401
20308,C3496793
20309,C1509436
20312,C2983812
20313,C2000261
20314,C2000261
20316,C0246421
20317,C3657824
20318,C1831796
20319,C1831796
20320,C3496793
20321,C1509436
20324,C3492889
20329,C1948374
20344,C1174893
20355,C0066700
20355,C5433054
20356,C0066700
20356,C5433054
20357,C0771469
20359,C2983812
20360,C4018470
20361,C4310385
20362,C4310385
20363,C4310385
20364,C1566826
20364,C4310385
20365,C0037508
20366,C2607479
20367,C3709474
20369,C4519188
20371,C0035525
20372,C1948374
20372,C2935023
20372,C3709474
20373,C0035525
20375,C0530684
20377,C2983812
20378,C2983812
20379,C2931926
20382,C1566826
20382,C4310385
20383,C1948374
20384,C2717174
20386,C0117996
20386,C1948374
20390,C0070203
20400,C3496793
20565,C3492889
20566,C3492889
20567,C3492889
20571,C0065023
20573,C3467876
20574,C3467876
20591,C1948374
20591,C2935023
20591,C3709474
20592,C1948374
20592,C2935023
20592,C3709474
20594,C1948374
20594,C2935023
20594,C3709474
20595,C1948374
20595,C2935023
20595,C3709474
20601,C1619629
20602,C0541315
20603,C1506770
20604,C0246421
20605,C0246421
20606,C2931926
20607,C1721377
20608,C1721377
20609,C1721377
20610,C1721377
20611,C0939537
2062,C0085208
20620,C4055478
20622,C3179547
2063,C0085208
2064,C0085208
2065,C0085208
2066,C0085208
2067,C0085208
2070,C2347566
2071,C2347566
2072,C2347566
20722,C2607479
20727,C1120386
2073,C2347566
20730,C3492889
20731,C0085149
20736,C0216784
20736,C4033447
20737,C4519188
2074,C2347566
20740,C0017861
20741,C0216784
20741,C4033447
20742,C0257343
20742,C0754659
20743,C1948374
20747,C0064636
20748,C0064636
20749,C0064636
20752,C0066700
20752,C1722260
20756,C0085149
20757,C0771774
20760,C0966225
20761,C0966225
20765,C1948374
20765,C2935023
20766,C1723401
20767,C1948374
20767,C2935023
20767,C3709474
20773,C2698764
20774,C0213404
20775,C0213404
20776,C2608038
20777,C2608038
20778,C2608038
20779,C2608038
20780,C2608038
20781,C2608038
20782,C0527316
20783,C0527316
20784,C0527316
20785,C2698764
20788,C2608038
20790,C1948374
20790,C2935023
20792,C0070122
20793,C0070122
20794,C0070122
20795,C0070122
20796,C0070122
20797,C0070122
20798,C0070122
20799,C0070122
20800,C0070122
20801,C0070122
20804,C0070122
20805,C4519188
20811,C0939537
20812,C0939537
20813,C0939537
20814,C0939537
20815,C0939537
20816,C0939537
20817,C0939537
20818,C0541315
20819,C2697961
20819,C3467876
20820,C2697961
20820,C3467876
20821,C0028833
20829,C0541315
20830,C4550124
20831,C4550124
20832,C4550124
20833,C4550124
20834,C4550124
20835,C4550124
20836,C4550124
20837,C4524703
2084,C0244821
20843,C0073992
20843,C0117996
20844,C1948374
20844,C2935023
20844,C3709474
20845,C0969324
2085,C0289313
20851,C1948374
20851,C2935023
20851,C3709474
20854,C2983812
20855,C0541315
20856,C0541315
20857,C0541315
20858,C0541315
20862,C1723401
20868,C0969324
20870,C1948374
20870,C2935023
20870,C3709474
20877,C3179547
20878,C3467876
20882,C3179547
20883,C1570906
20884,C1570906
20885,C1570906
20886,C1570906
20887,C1570906
20888,C1570906
20889,C1570906
20891,C1570906
20892,C1570906
20893,C1570906
20894,C1570906
20895,C1570906
20896,C1570906
20909,C1723401
20925,C2001271
20926,C2001271
20942,C3496793
20944,C0903411
20945,C1099776
20988,C0216231
20991,C0018242
20993,C0209738
20993,C3253985
21004,C3179547
21005,C0209738
21005,C3253985
21006,C3253985
21007,C0209738
21007,C3253985
21008,C0209738
21008,C0663655
21008,C3253985
21009,C1723401
21018,C3179547
21019,C3179547
21020,C3179547
21021,C3179547
21022,C3179547
21023,C3179547
21024,C3179547
21025,C3179547
21026,C3179547
21027,C3179547
21028,C1831796
21033,C4549503
21034,C4549503
21035,C4549503
21036,C0289884
21037,C0289884
21038,C0289884
21039,C0289884
21040,C0289884
21041,C1869620
21042,C3179547
21043,C3179547
21044,C4307388
21045,C2718773
21053,C3467876
21056,C4310385
21057,C2920417
21057,C4082411
21058,C1722260
21059,C0671970
21059,C1506770
21064,C1566537
21065,C0216784
21065,C4033447
21066,C3253985
21068,C3179547
21069,C3179547
21070,C3179547
21071,C4310385
21073,C0209738
21073,C3253985
21074,C1723401
21084,C1832027
21085,C1832027
21086,C1832027
21087,C2931926
21088,C3640939
21090,C0085149
21100,C3179547
21103,C0649350
21104,C3657270
2112,C0754659
2113,C0754659
2114,C0754659
2115,C0754659
2116,C0754659
2117,C0754659
2118,C0754659
2119,C0754659
2122,C0070122
2123,C0070122
2124,C0070122
2125,C0070122
2126,C0070122
2127,C0070122
2128,C0070122
2129,C0070122
2130,C0070122
2132,C0070122
2133,C0070122
2134,C0070122
2135,C0070122
2136,C0070122
2137,C0070122
2138,C0070122
2139,C0070122
2158,C0062086
2158,C0062527
2158,C0305062
2159,C0062086
2159,C0062527
2159,C0305062
2160,C0062086
2160,C0062527
2160,C0305062
2225,C0966225
23,C2935023
2414,C2607479
2415,C2607479
2416,C0025598
2416,C2607479
2417,C0085208
2418,C0085208
2421,C0073992
2421,C0117996
2428,C0073992
2428,C0117996
2431,C0530684
2432,C0530684
2433,C0530684
2434,C0530684
2435,C0530684
2436,C0530684
2437,C0530684
2438,C0530684
2439,C0530684
2440,C0530684
2441,C0530684
2442,C0530684
2443,C0530684
2444,C0025598
2444,C0289313
2445,C0025598
2445,C0289313
2446,C0025598
2446,C0289313
2447,C0025598
2447,C0289313
2451,C0075632
2452,C0075632
2453,C0075632
2454,C0075632
2455,C0075632
2456,C0075632
2457,C2935023
2457,C3709474
2458,C3700388
2458,C3709474
2459,C3700388
2459,C3709474
2460,C0070122
2461,C0070122
2462,C2935023
2463,C0663655
2523,C0070122
2524,C0070122
2525,C0070122
2526,C0070122
2527,C0070122
2528,C0070122
2529,C0070122
2530,C0070122
2531,C0070122
2532,C0070122
2533,C0070122
2534,C0070122
2535,C0070122
2536,C0070122
2537,C0070122
2538,C0070122
2539,C0070122
2540,C0070122
2541,C0070122
2542,C0070122
2543,C2935023
2543,C3709474
2544,C2935023
2544,C3709474
2630,C0289313
2745,C2983812
2746,C2983812
2747,C2983812
2748,C2983812
2749,C2983812
2750,C0257343
2750,C1509436
2751,C0257343
2751,C1509436
2757,C0062086
2757,C0062527
2757,C0305062
2758,C0062086
2758,C0062527
2758,C0305062
2767,C0305062
2767,C0718003
281,C0216660
2815,C0289313
2816,C0289313
2817,C0289313
2818,C0289313
2819,C0289313
282,C0216660
2820,C0289313
2821,C0289313
2822,C0289313
2823,C0289313
2824,C0289313
2825,C0061323
2825,C0289313
2826,C0061323
2826,C0289313
2827,C0061323
2827,C0289313
2828,C0025598
2828,C0289313
2829,C0025598
2829,C0289313
283,C0216660
284,C0216660
285,C0216660
286,C0216660
287,C0216660
288,C0216660
289,C0216660
290,C0216660
291,C0216660
292,C0216660
293,C0216660
2937,C2607479
2938,C2607479
2939,C0085208
294,C0216660
2940,C0054836
295,C0216660
2951,C2935023
2953,C0754659
2954,C0117996
2955,C0117996
2956,C0117996
2957,C0117996
2958,C0117996
2959,C0117996
296,C0005088
296,C0055881
2960,C0117996
2961,C0073992
2961,C0117996
2962,C0073992
2962,C0117996
2963,C0073992
2963,C0117996
2964,C0073992
2964,C0117996
2965,C0073992
2965,C0117996
2966,C0073992
2966,C0117996
2967,C0073992
2967,C0117996
2968,C0073992
2968,C0117996
2969,C0540623
297,C0530684
2970,C0530684
2971,C0530684
2972,C0530684
2973,C0530684
2974,C0530684
2975,C0530684
2976,C0530684
2977,C0289313
2979,C0289313
298,C0530684
2980,C0289313
2981,C0289313
2982,C0289313
2983,C0289313
2984,C0289313
2985,C0289313
2986,C0289313
2987,C0289313
2987,C1620263
2988,C0289313
2988,C1620263
2989,C0073992
299,C0530684
2990,C0073992
2991,C0073992
2992,C0073992
2993,C0073992
2994,C0073992
2995,C0073992
2996,C0073992
2997,C0073992
2998,C0073992
2999,C0073992
3,C1723401
3000,C0073992
3001,C0073992
3002,C0075632
3003,C0075632
3004,C0075632
3005,C0075632
3006,C0075632
3007,C0075632
3008,C0075632
3009,C0075632
3010,C0075632
3011,C0075632
3012,C0075632
3013,C0216660
3085,C1176315
3086,C1176315
3087,C1176315
312,C2347566
3123,C2607479
3124,C2607479
3125,C2607479
3126,C2607479
3127,C2607479
3128,C0010980
3128,C0052432
3129,C0010980
3129,C0052432
3130,C0010980
3130,C0052432
3131,C2347566
3132,C2347566
3135,C0754659
3139,C1948374
3139,C2935023
3140,C0117996
3141,C0073992
3141,C0117996
3142,C0073992
3142,C0117996
3146,C0070122
3147,C0070122
3148,C0070122
3149,C0070122
3150,C0070122
3151,C0070122
3152,C0070122
3153,C0070122
3154,C0070122
3155,C0070122
3156,C0070122
3157,C0530684
3158,C0289313
3159,C0061323
3159,C0289313
3162,C0070122
3163,C0070122
3164,C0070122
3165,C0216660
3166,C0216660
3167,C0216660
3168,C0216660
3169,C0216660
32,C1948374
320,C0064636
321,C0064636
3215,C3492889
3216,C3492889
3217,C1120386
3218,C1698215
3219,C0085149
322,C0064636
3220,C0085149
3222,C0010980
3222,C0052432
323,C0064636
324,C0064636
3249,C0062086
3249,C0062527
3249,C0305062
325,C0530684
3250,C0062086
3250,C0062527
3250,C0305062
326,C0244821
3263,C0117996
3264,C0073992
3264,C0117996
3265,C0073992
3265,C0117996
3266,C0073992
3266,C0117996
327,C0289313
328,C0288792
329,C0288792
33,C1948374
330,C0288792
331,C0288792
332,C0054836
3342,C0070122
3343,C0070122
3344,C0070122
3355,C0075632
3357,C0216660
3384,C0005088
3384,C0036079
3385,C0065767
3386,C0054836
3387,C0054836
3388,C0054836
34,C1948374
3406,C0754659
3407,C0754659
3408,C0754659
3409,C0754659
3410,C1948374
3411,C1948374
3412,C1948374
3413,C1948374
3414,C1948374
3415,C1948374
3416,C1948374
3417,C1948374
3418,C1948374
3419,C1948374
3420,C1948374
3421,C1948374
3422,C1948374
3423,C1948374
3424,C1948374
3424,C2935023
3425,C1948374
3425,C2935023
3426,C1948374
3426,C2935023
3427,C1948374
3427,C2935023
3428,C1948374
3428,C2935023
3429,C1948374
3429,C3700389
3430,C1099664
3431,C1099664
3441,C0379200
3442,C0022625
3443,C0064636
3444,C0064636
3445,C1703334
3446,C1703334
3447,C1703334
3448,C1703334
3450,C0244821
3451,C0244821
3452,C0289313
3453,C0289313
3454,C0289313
3455,C0289313
3456,C0289313
3457,C0289313
3458,C0025598
3458,C0289313
3459,C0025598
3459,C0289313
3460,C0025598
3460,C0289313
3461,C0025598
3461,C0289313
3462,C0025598
3462,C0289313
3463,C0001927
3464,C0001927
3465,C0001927
3466,C0073992
3467,C0073992
3468,C0073992
3472,C0075632
3473,C0075632
3474,C0027396
3474,C0075632
3475,C0027396
3475,C0075632
3476,C0027396
3476,C0075632
3477,C0027396
3477,C0075632
3478,C0027396
3478,C0075632
3479,C0027396
3479,C0075632
3480,C0027396
3480,C0075632
3481,C0027396
3481,C0075632
3482,C0027396
3482,C0075632
3483,C0027396
3483,C0075632
3484,C0027396
3484,C0075632
3485,C0027396
3485,C0075632
3486,C0027396
3486,C0075632
3487,C0027396
3487,C0075632
3488,C0027396
3488,C0075632
3489,C0027396
3489,C0075632
3490,C0027396
3490,C0075632
3491,C0027396
3491,C0075632
3492,C0027396
3492,C0075632
3493,C0027396
3493,C0075632
3494,C0027396
3494,C0075632
3495,C0027396
3495,C0075632
3496,C0027396
3496,C0075632
3497,C0879399
3498,C0879399
3499,C0879399
35,C1948374
3500,C0879399
3501,C0879399
3502,C0879399
3503,C2935023
3503,C3709474
3510,C1509436
3516,C0051696
3516,C0126174
3517,C0005088
3517,C0036079
3518,C0065767
3519,C0065767
3520,C0065767
3535,C0073992
3535,C0117996
3536,C1099664
3537,C0025598
3537,C0061323
3591,C0064636
36,C1948374
3606,C0379200
3607,C0379200
3608,C0064636
3610,C0068334
3611,C0540623
3612,C0540623
3613,C1532673
3614,C1532673
3615,C1532673
3616,C1532673
3617,C1532673
3618,C1532673
3619,C1532673
3620,C1532673
3621,C0033429
3622,C0530684
3626,C0879399
3627,C0879399
3628,C0879399
3629,C0879399
3630,C0879399
3631,C0879399
3634,C2986924
3635,C2986924
3636,C2986924
3637,C0051696
3637,C0126174
3638,C0005088
3638,C0036079
3652,C0012265
3663,C0209738
3664,C0209738
3665,C0209738
3666,C0209738
3667,C0209738
3668,C0209738
3671,C2935023
3671,C3709474
3672,C2935023
3672,C3700388
3672,C3709474
369,C0754659
3690,C2986924
3691,C2986924
37,C1948374
370,C0754659
3701,C2607479
3702,C2607479
3703,C0005088
3703,C0008947
3704,C0005088
3704,C0055881
3705,C0085208
3706,C0054836
371,C0754659
3711,C1948374
3712,C1948374
3713,C0073992
3713,C0117996
3714,C0073992
3714,C0117996
372,C1948374
372,C2935023
373,C1948374
3731,C0073992
3732,C0073992
3733,C0075632
3734,C2935023
3734,C3709474
3735,C0249458
374,C1948374
375,C1948374
376,C1948374
3767,C1135135
377,C1948374
3776,C0061323
3776,C0286651
3777,C0065767
3779,C0754659
378,C1948374
3780,C1948374
3780,C2935023
3781,C1948374
3781,C2935023
3782,C1948374
3782,C2935023
3783,C1948374
3783,C2935023
3784,C0073992
3784,C0117996
379,C1948374
3790,C0064636
3791,C0969324
3792,C0969324
3793,C0969324
3794,C0969324
3795,C0969324
3796,C0074554
3796,C0289313
3797,C0074554
3797,C0289313
3798,C0879399
3799,C0879399
38,C1948374
380,C1948374
3800,C2935023
3800,C3709474
3801,C2935023
3801,C3709474
3802,C2935023
3802,C3709474
381,C1948374
382,C1948374
383,C1948374
384,C1948374
384,C2935023
385,C1948374
385,C2935023
386,C1948374
386,C2935023
387,C1948374
388,C1948374
388,C2935023
3884,C0073992
3884,C0117996
3889,C0879399
389,C1948374
389,C2935023
3896,C2983812
39,C0117996
390,C1948374
390,C2935023
391,C1948374
391,C2935023
392,C1948374
392,C2935023
3920,C0754659
3923,C0025598
3936,C2607479
3937,C0085208
3938,C0085208
394,C0117996
3942,C0064636
3943,C0064636
3944,C0025598
3945,C0246631
3947,C0879399
3948,C3709474
3949,C3709474
3950,C3709474
3951,C3709474
3952,C3709474
3953,C3179547
3955,C3179547
3956,C3179547
3957,C3179547
396,C1948374
396,C2935023
3969,C0754659
397,C0073992
397,C0117996
3970,C0754659
3971,C1948374
3972,C0064870
3972,C1948374
3973,C0064870
3973,C1948374
3977,C0969324
3979,C2717174
398,C0073992
398,C0117996
3980,C2935023
3981,C2935023
3982,C2935023
3983,C2935023
3984,C2935023
3985,C2935023
3986,C2935023
3987,C2935023
3988,C2935023
3989,C2935023
399,C0073992
399,C0117996
3990,C2935023
3991,C2935023
3992,C2935023
3993,C2935023
3994,C0216660
3995,C0216660
3996,C0216660
3997,C0216660
3998,C0216660
4,C0065767
40,C0073992
40,C0117996
400,C0073992
400,C0117996
4005,C0014025
4005,C0051696
4006,C0051696
4006,C0965129
4007,C1723401
4009,C0754659
401,C0073992
401,C0117996
4015,C2717174
4016,C1703334
4017,C0001927
4018,C2935023
402,C0073992
402,C0117996
403,C0073992
403,C0117996
4033,C4018470
4034,C4018470
4035,C1509436
404,C0073992
404,C0117996
4040,C0673966
4041,C0673966
4042,C0673966
4044,C0541315
4045,C1722260
4046,C1722260
4047,C1721377
4048,C3814772
405,C0073992
405,C0117996
4050,C0966225
4051,C0966225
4053,C0069751
4054,C0069751
406,C0073992
406,C0117996
4061,C0216784
4061,C4033447
4062,C0216784
4062,C4033447
4068,C3179547
4069,C3179547
407,C0073992
407,C0117996
4070,C3179547
4071,C3179547
4074,C0937916
408,C0073992
408,C0117996
4082,C0216784
4083,C0051696
4084,C1699926
4085,C1699926
4086,C0649350
4087,C0216784
4089,C1699926
409,C0073992
409,C0117996
4095,C1998098
41,C0073992
41,C0117996
410,C0073992
410,C0117996
4107,C0007538
4108,C1948374
4109,C1948374
4109,C2935023
411,C0073992
411,C0117996
4110,C1948374
4110,C2935023
4111,C0073992
4111,C0117996
4114,C0969324
4115,C3709474
4116,C3709474
4118,C0673966
412,C0073992
412,C0117996
4120,C3818721
4121,C3818721
4123,C3467876
4124,C3467876
413,C0073992
413,C0117996
4131,C1831905
4137,C0541315
4138,C0541315
4139,C0541315
414,C0073992
414,C0117996
4140,C0541315
4141,C0541315
415,C0073992
415,C0117996
4151,C1506770
4154,C1506770
4155,C1506770
416,C0073992
416,C0117996
4163,C1831796
4164,C1831796
4165,C1831796
417,C0073992
417,C0117996
4178,C1831796
4179,C0649350
418,C0073992
418,C0117996
4180,C0649350
4183,C3179547
4184,C3179547
4187,C2697961
4189,C0257685
419,C0073992
419,C0117996
4190,C0257685
4191,C0257685
4192,C0257685
4193,C0257685
4194,C0257685
4195,C0257685
4196,C0257685
42,C0073992
42,C0117996
420,C0073992
420,C0117996
4204,C1506770
421,C0073992
421,C0117996
4217,C2607479
4219,C1723401
422,C0073992
422,C0117996
4220,C0005088
4220,C0055881
4221,C0754659
4222,C1948374
4223,C0064870
4223,C1948374
4224,C0117996
423,C0073992
423,C0117996
4238,C0070122
424,C0073992
424,C0117996
4241,C3709474
4242,C3709474
4243,C2935023
4243,C3709474
4244,C2935023
4244,C3709474
425,C0073992
425,C0117996
426,C0073992
426,C0117996
427,C0073992
427,C0117996
428,C0073992
428,C0117996
4286,C0281666
4287,C0002645
4287,C0055860
4288,C0002645
4288,C0055860
429,C0073992
429,C0117996
4295,C0754659
4296,C1948374
4296,C3644419
4297,C0073992
4297,C0117996
4298,C0073992
4298,C0117996
43,C0073992
43,C0117996
430,C0073992
430,C0117996
4302,C4519188
4303,C4519188
4304,C4519188
4305,C4519188
4306,C4519188
4307,C4519188
4308,C4519188
4315,C0064636
4316,C0064636
4317,C0064636
4322,C0070122
4323,C0070122
4329,C2935023
4329,C3709474
4330,C2935023
4331,C0216660
4332,C0216660
4372,C2983812
4373,C2983812
4374,C2983812
44,C0073992
44,C0117996
4408,C1948374
4408,C3709474
4409,C1948374
4409,C3709474
4410,C1948374
4410,C2935023
4410,C3709474
4411,C1948374
4411,C2935023
4411,C3709474
4412,C0117996
4431,C0298130
4432,C3709474
4433,C3709474
4436,C1506770
4437,C0771892
4438,C0771892
4439,C0771892
4478,C2983812
4479,C2983812
4494,C0717550
4495,C0020261
4495,C0527379
4496,C1948374
4496,C2935023
4497,C0073992
4497,C0117996
45,C0073992
45,C0117996
4514,C0969324
4517,C0530684
4520,C0903411
4553,C1722260
4556,C0649350
457,C0064636
4572,C1723401
4573,C1948374
4574,C1948374
4575,C1948374
4576,C1948374
4576,C2935023
4577,C0073992
4577,C0117996
4589,C0903411
4594,C1699926
4595,C1722260
4596,C0961209
4597,C0961209
46,C0073992
46,C0117996
4608,C3492889
4609,C3492889
4610,C3492889
4611,C3492889
4612,C3492889
4613,C3492889
4614,C3492889
4615,C3492889
4616,C3492889
4617,C2698764
4618,C2698764
4630,C0209738
4631,C2607479
4634,C1948374
4634,C2935023
4635,C1948374
4635,C2935023
4636,C1948374
4636,C2935023
4637,C0073992
4637,C0117996
4639,C0209738
4640,C0209738
4654,C0117996
4660,C4519188
4663,C0209738
4664,C0209738
4665,C0969324
4666,C0969324
4668,C0244821
4669,C0244821
4671,C0001927
4687,C1831796
4688,C0649350
4689,C0649350
47,C0073992
47,C0117996
4731,C0002645
4731,C0055860
4732,C0002645
4732,C0055860
4733,C0085208
4734,C0754659
4737,C0209738
4739,C2935023
4739,C3709474
474,C0530684
4740,C0216660
4749,C0649350
475,C0289313
4753,C0257685
476,C0289313
477,C0289313
4774,C0004057
4774,C0081876
4775,C0004057
4775,C0081876
4776,C2607479
4779,C4519188
478,C0289313
4782,C0073992
4782,C0117996
4783,C0073992
4783,C0117996
479,C0289313
4794,C0209738
4795,C0209738
4796,C0209738
4799,C0903411
48,C1099664
480,C0289313
4800,C3709474
481,C0289313
4810,C0025810
482,C0289313
4829,C1872109
483,C0289313
4831,C3492889
4832,C1698215
484,C0289313
485,C0289313
486,C0289313
487,C0289313
4876,C0754659
4878,C0969324
4879,C0289313
4880,C0289313
489,C0289313
4899,C1699926
49,C1099664
490,C0289313
4900,C1699926
4907,C2983812
4908,C0085149
4909,C0085149
491,C0289313
4913,C0073992
4913,C0117996
4918,C0064636
4919,C0070122
492,C0289313
4920,C0378482
4921,C0378482
4922,C0530684
4923,C0244821
494,C0289313
495,C0289313
4952,C0754659
4953,C0754659
4954,C0167117
4955,C1948374
4956,C1948374
4956,C2935023
4956,C3709474
4957,C0073992
4957,C0117996
496,C0289313
4968,C0030095
497,C0289313
498,C0289313
499,C0289313
4993,C0717550
4994,C0717550
4999,C0073992
50,C1099664
500,C0289313
5006,C3179547
501,C0289313
502,C0289313
5021,C2607479
5022,C0085208
5023,C0085208
5024,C0085208
5025,C0085208
5026,C0085208
5027,C0085208
5028,C0085208
5029,C0085208
503,C0289313
5030,C0085208
5036,C0969324
5037,C0249458
5038,C0249458
5039,C1667052
5040,C1667052
5047,C1698215
5048,C2608038
5049,C2608038
5050,C2608038
5051,C2986924
5052,C2986924
5053,C0213404
507,C0289313
508,C0289313
5088,C0005088
5088,C0055881
5089,C0085208
5090,C0085208
5092,C0754659
5093,C0754659
5094,C0754659
5095,C0754659
5096,C0754659
5097,C0754659
5098,C0257343
5098,C0754659
5099,C0257343
5099,C0754659
5100,C0257343
5100,C0754659
5101,C0257343
5101,C0754659
5103,C1948374
5104,C1948374
5104,C3709474
511,C0073992
512,C0073992
5122,C0073992
514,C0288792
520,C1948374
520,C2935023
521,C2935023
522,C2935023
523,C1948374
523,C2935023
524,C1948374
524,C2935023
525,C1948374
525,C2935023
526,C2935023
527,C1948374
527,C2935023
529,C0216660
53,C0064636
533,C0216660
534,C0216660
535,C0216660
536,C0216660
537,C0216660
538,C0216660
539,C0216660
54,C0064636
540,C0216660
541,C0216660
542,C0216660
543,C0216660
544,C0216660
545,C0216660
546,C0216660
547,C0216660
548,C0216660
55,C0064636
56,C0064636
74,C1532673
8,C0005088
8,C0055881
82,C0070122
9,C0005088
9,C0055881
